dataset,accuracy_mean,accuracy_standard_deviation,time_training_seconds,time_test_seconds
SPY,0.5961538461538461,0.01923076923076927,0.015433287600171753,0.004322541800502222
ACSF1,0.892,0.011661903789690611,0.12576087489869678,0.15363660419970984
