dataset,accuracy_mean,accuracy_standard_deviation,time_training_seconds,time_test_seconds
SPY,0.4814814814814815,5.551115123125783e-17,0.012129812603234313,0.0010466539970366284
ACSF1,0.881,0.008306623862918083,0.11631953769683606,0.03160543720441637