dataset,accuracy_mean,accuracy_standard_deviation,time_training_seconds,time_test_seconds
SPY,0.5884615384615384,0.017625291134445577,0.015592329202627297,0.004436975000135134
ACSF1,0.9,0.010000000000000009,0.12905761650326894,0.15630547509790632
