dataset,accuracy_mean,accuracy_standard_deviation,time_training_seconds,time_test_seconds
SPY,0.5615384615384615,0.025512498387349238,0.020067928900243715,0.0020906585021293724
ACSF1,0.9179999999999999,0.007483314773547889,0.12665607480157634,0.03535844189900672
