dataset,accuracy_mean,accuracy_standard_deviation,time_training_seconds,time_test_seconds
SPY,0.4814814814814815,5.551115123125783e-17,0.011982912399980705,0.0010279581998474895
ACSF1,0.8799999999999999,0.007745966692414841,0.12451239559741226,0.03473981670249486
