dataset,accuracy_mean,accuracy_standard_deviation,time_training_seconds,time_test_seconds
SPY,0.45769230769230773,0.020712172335132714,0.014499554099165833,0.0010245001001749187
ACSF1,0.905,0.006708203932499376,0.11435240430000704,0.030844291402900126
