dataset,accuracy_mean,accuracy_standard_deviation,time_training_seconds,time_test_seconds
SPY,0.573076923076923,0.03194855331891568,0.01790485830133548,0.001288575002399739
ACSF1,0.9189999999999999,0.0030000000000000027,0.11825270830304362,0.03205005829950096
