dataset,accuracy_mean,accuracy_standard_deviation,time_training_seconds,time_test_seconds
SPY,0.5923076923076922,0.018842228790639876,0.021843454001646022,0.005838699999003438
ACSF1,0.897,0.016155494421403526,0.17144950420115493,0.20733306239999366
