dataset,accuracy_mean,accuracy_standard_deviation,time_training_seconds,time_test_seconds
SPY,0.5961538461538461,0.01923076923076927,0.015484475099947303,0.004470533101994079
ACSF1,0.8960000000000001,0.01200000000000001,0.1298339874992962,0.15782792090030853
