dataset,accuracy_mean,accuracy_standard_deviation,time_training_seconds,time_test_seconds
SPY,0.476923076923077,0.113053372743839,0.01808302499848651,0.001008433300012257
ACSF1,0.1,0.0,0.11807419149845375,0.03165602510125609
